gene,seq_length,R1,R2,R3,R4,R5,R6,R7,R8,R9,R10,R11,R12,R13,R14,R15,R16,R17,R18,R19,R20,R21,R22,R23,R24,R25,R26,R27,R28,R29,R30
Tap1,724,1,0,0,0,0,0,0,0,0,0,0,0,0,0,0,-1,0,0,0,0,1,0,0,0,0,0,0,0,0,0
Stx7,261,1,0,0,0,0,0,0,0,0,-1,0,0,0,0,0,0,1,0,0,0,0,0,0,1,0,0,0,0,0,0
Slc7a2,657,1,0,0,0,1,0,0,0,0,0,0,1,0,0,0,1,1,1,0,0,0,0,-1,0,0,-1,-1,0,1,0
Stau1,495,1,0,1,0,0,-1,0,0,0,1,0,0,0,0,0,0,0,0,0,1,0,0,0,0,0,0,1,0,0,0
Stxbp1,594,1,0,0,0,0,0,1,0,0,0,0,-1,1,0,0,0,-1,0,0,1,1,0,1,1,1,0,-1,0,1,0
Abcc1,1528,1,0,0,1,0,0,0,0,0,-1,0,0,-1,0,0,0,-1,0,0,0,0,0,0,0,0,0,0,-1,0,0
Tfg,277,1,0,0,0,0,-1,0,0,0,1,0,0,0,1,0,0,0,0,-1,-1,0,1,1,0,0,0,0,0,-1,-1
Arf5,180,1,0,0,0,0,0,0,0,0,0,1,0,0,0,1,1,0,0,1,0,0,0,0,0,0,-1,0,0,0,1
Ccdc88b,1481,1,-1,0,0,1,0,0,1,0,1,0,0,0,0,0,0,0,0,0,0,0,0,0,0,0,0,0,0,0,-1
Slc25a22,323,1,0,-1,1,0,0,0,0,0,0,1,0,0,0,0,0,0,0,0,0,0,0,0,0,0,0,0,0,0,-1
Rcsd1,412,1,-1,-1,1,0,0,-1,0,0,0,0,0,-1,0,0,0,0,0,0,0,0,0,0,0,0,1,0,1,-1,0
Stx11,287,1,1,-1,1,0,0,-1,0,0,-1,0,0,1,0,0,-1,0,0,0,0,-1,0,-1,0,-1,0,-1,0,0,1
Stxbp3,592,1,0,0,0,0,0,-1,1,0,0,1,0,0,0,0,1,1,0,1,0,0,0,0,-1,-1,0,1,1,-1,0
Lrrc8c,803,1,0,0,0,0,-1,0,1,0,0,0,-1,0,0,0,0,0,1,0,0,1,0,0,0,-1,0,0,0,-1,0
Sec31a,1230,1,1,0,1,-1,0,-1,1,0,0,0,0,0,0,0,0,0,0,0,0,0,0,0,0,0,0,0,0,0,0
Gripap1,806,1,0,0,0,0,0,-1,-1,-1,0,0,1,0,0,0,0,0,0,-1,0,1,0,0,0,0,0,0,0,-1,-1
Dennd1a,1016,1,0,0,1,0,1,0,0,0,-1,0,0,0,-1,0,0,0,-1,0,0,0,0,1,0,0,0,0,0,0,-1
Ift20,132,1,0,1,-1,0,0,0,-1,0,0,0,0,0,-1,-1,0,0,1,0,1,0,0,-1,0,-1,0,0,0,0,0
Slc2a6,497,1,0,-1,0,0,0,1,0,-1,0,0,-1,0,-1,0,0,0,-1,0,0,0,0,0,0,-1,1,-1,1,0,0
Fyttd1,283,1,0,1,0,0,0,1,0,0,0,0,0,0,0,0,0,0,0,0,1,0,1,0,0,-1,0,0,-1,1,0
Slco3a1,710,1,0,0,1,1,0,0,0,0,0,0,0,0,1,0,0,-1,0,0,0,-1,-1,0,0,1,0,1,1,1,1
Golga5,729,1,0,0,0,0,-1,0,0,0,1,0,-1,-1,0,0,0,1,0,-1,0,0,0,0,0,0,0,1,1,-1,0
Clic4,253,1,0,0,0,0,0,0,0,0,0,1,-1,-1,-1,1,-1,0,0,0,-1,0,0,0,1,0,0,0,-1,0,-1
Vamp3,103,1,0,0,0,0,0,0,0,0,0,0,0,0,0,0,0,1,1,0,0,0,0,0,0,0,0,-1,-1,0,0
M6pr,180,1,0,0,0,0,0,1,0,0,0,0,0,0,0,0,0,0,0,0,0,0,0,0,0,0,0,0,0,0,-1
Ehd3,535,1,0,0,0,0,0,0,-1,-1,1,1,1,1,-1,0,-1,0,0,0,0,0,0,-1,0,0,1,1,0,0,1
Tmsb10,44,1,0,-1,1,0,-1,0,0,-1,0,0,0,0,-1,1,0,1,0,1,1,0,-1,0,0,-1,1,0,0,0,0
Fth1,182,1,0,0,0,0,0,0,0,0,1,0,0,0,0,0,-1,0,-1,0,0,0,0,1,0,0,0,0,-1,0,0
Washc2,1334,1,0,1,0,0,0,-1,0,-1,1,0,0,0,0,-1,0,0,0,-1,1,0,0,0,0,-1,-1,0,1,1,0
Slc2a1,492,1,-1,0,0,0,1,1,0,0,0,1,0,0,0,0,0,0,0,0,0,0,0,0,0,0,0,0,0,0,0
Rab43,215,1,-1,0,0,0,0,0,0,0,0,1,0,0,0,0,0,-1,0,0,0,0,1,0,0,0,0,1,0,0,0
Pdzd11,140,1,-1,0,1,0,0,0,-1,-1,0,0,0,0,0,0,0,0,0,-1,0,0,0,0,0,0,0,0,0,-1,1
Pex7,318,1,0,0,0,1,0,0,1,0,0,0,1,0,0,0,0,0,-1,0,0,0,0,0,0,0,1,0,0,0,0
Tnfaip2,691,1,0,1,0,0,0,0,0,0,0,0,0,0,0,0,0,0,0,0,0,0,0,0,0,0,0,0,0,1,0
Stx12,274,1,0,0,0,0,0,-1,0,0,1,0,0,0,0,0,0,0,0,0,1,-1,0,0,0,0,0,0,0,0,0
Sarnp,210,1,0,0,-1,0,0,-1,0,0,1,0,1,0,0,-1,0,1,0,-1,0,0,0,1,0,0,-1,0,1,0,0
Slc15a3,578,1,0,0,0,1,0,-1,-1,0,0,0,1,0,0,-1,1,0,0,0,0,0,1,0,0,1,0,0,1,1,0
Stard3,446,1,0,1,1,0,0,-1,0,0,0,-1,0,-1,1,0,0,0,0,0,0,0,0,0,0,0,0,0,0,0,0
Clic5,251,1,0,-1,0,0,0,0,0,0,-1,-1,1,-1,0,-1,0,-1,0,0,0,1,0,0,0,-1,0,-1,0,0,0
Tap2,702,1,0,0,0,0,0,1,0,0,0,0,0,0,0,0,-1,0,0,0,0,0,0,0,0,0,0,0,0,0,0
Whamm,793,1,-1,0,-1,0,0,-1,0,0,-1,0,0,0,0,0,1,-1,-1,0,0,0,-1,0,-1,1,0,0,0,1,0
Slc16a3,470,1,0,0,0,0,0,-1,-1,0,0,0,0,0,1,0,0,-1,0,0,0,0,0,0,0,0,0,0,0,0,0
Picalm,660,1,0,0,0,0,0,0,-1,1,0,0,0,0,0,0,0,0,0,0,0,0,0,0,1,0,0,0,1,0,0
Kpna4,521,1,0,-1,0,-1,1,0,-1,0,0,1,0,1,0,0,1,0,1,0,1,-1,0,-1,0,0,1,1,0,1,0
Vamp8,101,1,-1,-1,0,0,0,0,0,0,0,-1,1,0,1,0,0,0,0,-1,0,-1,0,0,1,0,0,0,0,0,0
Slc28a2,660,1,-1,1,0,1,0,1,1,0,0,0,0,0,0,0,-1,0,0,0,-1,0,0,0,0,-1,0,0,-1,0,0
Slc4a7,1034,1,-1,0,-1,0,0,0,-1,0,0,1,0,0,0,0,1,0,0,-1,-1,-1,0,0,0,-1,0,0,1,0,0
Pxk,582,1,0,0,0,-1,1,0,0,0,0,1,0,0,0,-1,-1,0,0,0,0,0,0,0,0,-1,0,0,0,0,0
Dlg4,724,1,-1,0,0,0,0,0,0,0,1,1,0,1,0,0,-1,-1,-1,0,0,0,0,-1,0,0,0,0,0,0,0
Ranbp3,558,1,0,-1,0,0,0,-1,-1,1,0,0,0,0,0,0,0,0,0,0,0,1,-1,1,0,0,1,0,0,0,-1
M6pr,180,1,0,0,0,0,0,1,0,0,0,0,0,0,0,0,0,0,0,0,0,0,0,0,0,0,0,0,0,0,-1
Tbc1d13,400,1,0,0,0,0,1,0,1,0,0,-1,0,0,-1,0,0,1,-1,0,0,0,0,0,-1,1,0,1,-1,0,0
Slc30a1,503,1,0,0,0,0,1,0,1,0,1,0,0,0,0,0,0,0,0,0,0,0,0,0,0,-1,0,0,0,0,1
Arrdc2,407,1,0,0,-1,1,0,1,0,0,0,0,-1,0,-1,0,0,1,0,0,0,-1,0,0,0,0,0,0,0,0,0
Vamp2,116,1,0,0,0,0,0,0,0,0,0,0,0,0,0,0,-1,0,0,0,0,0,0,0,0,0,0,0,0,0,1
Ric1,1422,1,0,0,0,0,0,0,0,1,1,0,0,0,0,0,1,0,0,0,-1,0,0,0,0,0,0,0,-1,0,1
Zc3h11a,792,1,0,0,0,0,-1,-1,0,0,0,0,0,0,0,0,0,0,1,0,-1,0,0,0,0,1,0,0,-1,0,0
Mff,250,1,0,-1,0,0,1,0,0,0,-1,0,-1,0,0,-1,0,0,0,0,1,0,1,0,0,-1,1,0,1,0,0
Rab12,243,1,-1,0,0,0,0,0,0,1,1,0,0,0,0,0,0,0,0,0,0,0,0,0,0,0,0,0,0,1,1
Rab11fip1,645,1,0,0,0,0,0,0,0,1,0,0,0,0,0,0,0,0,0,0,0,0,0,0,0,0,0,0,1,0,0
Atp13a2,1169,1,0,0,-1,0,0,0,0,0,0,0,0,0,0,0,0,0,0,0,0,0,0,0,0,0,-1,0,0,0,0
Bnip3,187,1,0,0,0,0,-1,-1,0,0,0,0,0,0,0,-1,0,0,0,0,0,0,0,0,0,0,0,0,0,0,0
Sec24b,1177,1,0,0,0,0,0,0,0,0,0,0,0,0,0,0,0,0,0,0,0,0,0,0,0,0,0,1,0,0,0
Fyb1,819,1,0,1,0,0,0,0,0,0,0,0,-1,-1,0,0,0,0,0,1,0,0,1,0,0,0,0,0,0,0,0
Arf4,180,1,0,0,0,0,0,0,0,0,0,1,0,0,0,1,1,0,0,1,0,0,0,0,0,0,-1,0,0,0,1
Chmp4b,224,1,0,0,0,0,1,0,0,0,0,0,0,0,1,0,0,1,0,0,0,0,0,0,-1,0,0,0,1,0,1
Cog3,797,1,0,-1,0,0,0,0,0,0,0,-1,0,0,0,-1,1,-1,0,1,-1,1,0,0,0,0,-1,0,1,0,-1
Rab20,233,1,1,1,0,-1,0,1,0,0,0,0,0,-1,0,0,0,0,1,0,0,0,0,0,1,0,0,-1,1,1,0
Copz1,182,1,-1,0,0,0,0,-1,0,0,0,0,0,0,1,0,0,0,0,0,-1,0,-1,0,-1,1,0,0,0,1,0
Gda,332,1,0,0,0,0,0,0,0,0,0,0,0,0,-1,0,0,0,0,0,0,0,0,0,0,0,0,0,0,0,0
Synj1,1574,1,0,0,0,1,0,0,1,0,0,0,1,0,-1,0,0,0,0,0,0,0,0,-1,0,1,0,1,-1,-1,0
Kpna3,521,1,0,-1,0,0,0,0,-1,0,0,1,0,1,0,0,1,0,1,0,1,-1,0,-1,0,0,1,1,0,1,0
Snx18,614,1,0,0,1,0,1,0,0,0,-1,0,1,0,-1,0,0,0,-1,0,0,0,1,-1,0,-1,0,0,0,0,0
Use1,270,1,0,0,0,-1,0,0,0,0,1,0,0,0,0,0,1,0,-1,0,0,0,0,1,0,0,0,1,0,-1,0
Plin2,425,1,0,0,0,0,0,-1,0,0,0,0,0,0,0,1,0,0,0,0,0,0,0,0,0,0,0,-1,0,0,0
Arfgap2,520,1,0,0,0,0,0,1,0,-1,0,0,0,0,0,1,1,0,1,0,0,0,0,0,1,0,0,0,-1,0,0
Snap23,210,1,-1,0,0,0,0,-1,-1,0,0,0,1,0,0,0,0,0,-1,-1,0,0,-1,0,0,1,1,0,0,0,0
Kxd1,177,1,-1,0,0,-1,0,0,0,1,0,0,0,0,1,0,0,0,0,0,0,0,-1,-1,0,0,0,0,0,0,0
Arfgap3,525,1,0,-1,0,0,1,0,-1,0,0,0,0,0,1,1,0,1,0,0,0,0,0,1,0,0,0,-1,0,0,0
Rab11a,216,1,0,0,1,-1,-1,-1,0,-1,0,0,0,1,0,0,0,0,0,-1,0,0,0,0,1,0,0,0,0,0,1
Itsn1,621,1,0,0,0,0,0,0,0,0,0,0,0,-1,0,0,0,0,0,0,-1,-1,1,0,1,0,-1,0,0,0,0
Atp7a,1492,1,-1,0,0,0,-1,0,0,0,0,0,0,0,0,-1,0,0,0,0,0,0,0,0,1,0,0,-1,0,0,0
Arl1,181,1,0,0,0,0,0,0,0,0,0,0,0,0,0,0,1,-1,0,1,0,0,0,0,0,0,-1,0,0,0,1
Slc11a1,548,1,0,0,-1,1,0,0,0,1,0,0,1,0,0,0,0,0,0,0,0,0,0,0,0,0,0,0,0,0,0
Poldip3,420,1,0,-1,0,0,0,-1,-1,0,0,1,1,1,0,0,0,0,1,0,1,0,0,0,1,0,0,0,0,0,0
Ist1,362,1,0,0,0,0,0,1,0,-1,1,0,1,0,0,0,1,0,0,0,0,1,0,1,0,0,-1,1,1,1,0
Chmp2a,222,1,-1,0,0,0,0,1,1,1,0,0,-1,-1,0,0,1,0,0,0,1,0,0,0,1,0,0,1,-1,0,-1
Abcc5,208,1,1,-1,0,-1,0,0,1,-1,0,0,0,0,0,0,0,0,1,0,-1,1,-1,1,0,0,0,0,0,0,0
Sh3gl1,333,1,-1,1,1,0,-1,0,0,0,1,0,0,0,-1,0,0,0,1,0,0,-1,0,0,0,0,0,0,0,0,1
Zfand2b,257,1,-1,0,0,-1,0,0,0,0,0,0,-1,0,0,0,0,1,0,-1,0,0,0,0,1,0,-1,0,0,0,0
Kif1c,1100,1,0,0,0,0,0,1,0,0,0,1,0,1,0,0,0,0,1,-1,0,0,0,-1,0,1,0,0,0,0,0
Gramd1a,722,1,0,-1,0,0,0,0,0,0,1,0,0,0,0,0,0,0,0,0,1,1,1,0,0,0,0,0,0,0,1
Nup35,325,1,0,0,0,0,0,-1,0,0,0,0,0,0,0,0,-1,0,0,0,0,0,0,0,0,0,0,1,0,0,0
Gas7,353,1,0,0,1,0,0,0,1,0,0,0,0,0,0,0,0,0,0,0,0,0,0,0,0,0,0,0,0,0,0
Rab10,200,1,0,1,1,0,0,-1,0,0,0,1,0,0,0,0,0,-1,0,0,0,0,1,0,0,0,0,0,1,0,0
Slc66a2,271,1,-1,0,-1,0,0,0,0,0,0,0,0,0,0,0,0,0,0,0,0,0,0,0,0,0,0,0,0,0,0
Abca1,2261,1,0,0,0,0,0,0,1,0,0,0,0,1,0,0,0,0,1,1,1,0,0,0,0,0,0,0,-1,0,0
Scfd1,639,1,0,0,0,1,0,0,0,0,0,0,0,1,-1,1,0,0,0,0,0,1,1,0,0,0,0,0,0,0,0
Ehd1,534,1,0,0,0,0,0,1,-1,0,1,1,1,1,-1,0,-1,0,0,0,0,0,0,-1,0,0,1,0,0,0,0
Tm9sf4,643,1,0,0,0,0,0,0,0,0,1,0,0,0,0,0,0,0,0,0,1,0,0,0,0,0,0,0,0,0,0
Scamp3,349,1,0,0,0,1,-1,0,0,0,0,0,0,-1,0,0,-1,0,-1,0,0,0,0,-1,0,0,0,0,0,0,1
Rab3ip,428,1,0,0,-1,0,0,-1,0,0,0,-1,0,0,0,0,0,0,0,0,0,-1,0,0,0,0,0,-1,0,0,0
Mertk,994,1,0,0,0,0,0,0,0,0,0,0,0,0,0,0,0,0,0,0,0,0,0,-1,1,0,-1,-1,0,-1,0
Plcl2,1128,1,0,-1,0,0,1,0,0,0,0,0,0,0,0,0,0,0,0,0,0,0,0,0,1,0,0,0,1,0,0
Slc9a3r1,355,1,0,0,-1,0,0,0,0,-1,0,0,0,1,0,0,0,0,-1,1,0,0,0,0,0,0,0,0,0,0,0
