Gene,SeqLength,R1,R2,R3,R4,R5,R6,R7,R8,R9,R10,R11,R12,R13,R14,R15,R16,R17,R18,R19,R20,R21,R22,R23,R24,R25,R26,R27,R28,R29,R30
Arl1,181,1,0,0,0,0,0,0,0,0,0,0,0,0,0,0,1,-1,0,1,0,0,0,0,0,0,-1,0,0,0,1
Arf4,1116,1,0,1,0,1,-1,0,0,0,0,0,0,0,0,0,0,0,0,0,0,0,0,-1,0,0,0,0,0,0,-1
Arrdc2,407,1,0,0,-1,1,0,1,0,0,0,0,-1,0,-1,0,0,1,0,0,0,-1,0,0,0,0,0,0,0,0,0
Atp13a2,1169,1,0,0,-1,0,0,0,0,0,0,0,0,0,0,0,0,0,0,0,0,0,0,0,0,0,-1,0,0,0,0
Bnip3,179,1,0,0,0,0,0,0,-1,0,0,0,0,1,0,0,0,0,-1,0,0,0,0,0,0,0,0,0,0,0,-1
Arfgap2,150,1,0,0,0,0,0,0,0,0,0,-1,0,0,0,0,1,1,0,0,0,0,0,0,0,0,-1,0,0,1,0
Clic5,583,1,0,1,0,0,0,0,1,0,0,0,0,-1,0,-1,0,-1,0,0,0,0,0,0,0,0,0,1,0,0,0
Abca1,569,1,0,0,0,0,0,0,0,1,0,0,0,1,-1,0,0,-1,0,0,0,0,1,1,0,0,0,0,0,0,0
Ccdc88b,1481,1,-1,0,0,1,0,0,1,0,1,0,0,0,0,0,0,0,0,0,0,0,0,0,0,0,0,0,0,0,-1
Chmp2a,444,1,0,0,0,0,0,0,0,0,1,0,0,-1,0,0,0,1,0,0,0,-1,-1,1,0,0,0,0,-1,-1,0
Fth1,182,1,0,0,0,0,0,0,0,0,1,0,0,0,0,0,-1,0,-1,0,0,0,0,1,0,0,0,0,-1,0,0
Clic4,253,1,0,0,0,0,0,0,0,0,0,1,-1,-1,-1,1,-1,0,0,0,-1,0,0,0,1,0,0,0,-1,0,-1
Golga5,729,1,0,0,0,0,-1,0,0,0,1,0,-1,-1,0,0,0,1,0,-1,0,0,0,0,0,0,0,1,1,-1,0
Fyttd1,249,1,0,0,0,0,0,0,1,0,0,0,1,0,0,0,1,0,0,0,0,-1,1,0,0,0,0,0,1,0,1
Gda,454,1,0,0,0,1,0,0,0,0,0,0,0,0,1,0,0,0,0,0,0,0,0,0,0,0,0,-1,0,0,1
Gripap1,274,1,0,0,0,0,0,-1,0,0,1,0,0,0,0,0,0,0,0,0,1,-1,0,0,0,0,0,0,0,0,0
Gas7,421,1,0,0,0,0,0,1,0,0,0,0,0,0,0,0,0,-1,-1,0,0,0,0,0,0,0,0,0,0,0,0
Kpna3,521,1,0,-1,0,0,0,0,-1,0,0,1,0,1,0,0,1,0,1,0,1,-1,0,-1,0,0,1,1,0,1,0
Mertk,466,1,0,0,0,0,0,0,0,0,0,0,0,0,0,0,0,0,0,0,0,0,0,-1,1,0,-1,-1,0,-1,0
Kxd1,177,1,-1,0,0,-1,0,0,0,1,0,0,0,0,1,0,0,0,0,0,0,0,-1,-1,0,0,0,0,0,0,0
Pex7,1038,1,0,0,1,0,0,0,0,0,0,0,0,0,0,0,-1,0,0,0,1,1,0,1,0,0,0,1,0,0,0
Kpna4,521,1,0,-1,0,-1,1,0,-1,0,0,1,0,1,0,0,1,0,1,0,1,-1,0,-1,0,0,1,1,0,1,0
Itsn1,538,1,0,0,0,0,1,-1,0,0,1,0,1,0,0,1,0,1,0,0,0,0,-1,-1,0,1,1,1,1,-1,-1
Plin2,425,1,0,0,0,0,0,-1,0,0,0,0,0,0,0,1,0,0,0,0,0,0,0,0,0,0,0,-1,0,0,0
Pxk,582,1,0,0,0,-1,1,0,0,0,0,1,0,0,0,-1,-1,0,0,0,0,0,0,0,0,-1,0,0,0,0,0
Mff,250,1,0,-1,0,0,1,0,0,0,-1,0,-1,0,0,-1,0,0,0,0,1,0,1,0,0,-1,1,0,1,0,0
Rab43,215,1,-1,0,0,0,0,0,0,0,0,1,0,0,0,0,0,-1,0,0,0,0,1,0,0,0,0,1,0,0,0
Rab11fip1,645,1,0,0,0,0,0,0,0,1,0,0,0,0,0,0,0,0,0,0,0,0,0,0,0,0,0,0,1,0,0
Poldip3,420,1,0,-1,0,0,0,-1,-1,0,0,1,1,1,0,0,0,0,1,0,1,0,0,0,1,0,0,0,0,0,0
Ric1,1422,1,0,0,0,0,0,0,0,1,1,0,0,0,0,0,1,0,0,0,-1,0,0,0,0,0,0,0,-1,0,1
Scfd1,639,1,0,0,0,1,0,0,0,0,0,0,0,1,-1,1,0,0,0,0,0,1,1,0,0,0,0,0,0,0,0
Ranbp3,491,1,0,-1,0,0,0,-1,-1,1,0,0,0,0,0,0,0,0,0,0,0,1,-1,1,0,0,1,1,0,0,0
Slc15a3,578,1,0,0,0,1,0,-1,-1,0,0,0,1,0,0,-1,1,0,0,0,0,0,1,0,0,1,0,0,1,1,0
Sec24b,699,1,1,0,-1,0,0,0,0,-1,0,1,0,1,0,0,0,0,0,0,0,0,0,1,0,0,0,0,0,0,0
Sec31a,1230,1,1,0,1,-1,0,-1,1,0,0,0,0,0,0,0,0,0,0,0,0,0,0,0,0,0,0,0,0,0,0
Slc28a2,660,1,-1,1,0,1,0,1,1,0,0,0,0,0,0,0,-1,0,0,0,-1,0,0,0,0,-1,0,0,-1,0,0
Slc66a2,271,1,-1,0,-1,0,0,0,0,0,0,0,0,0,0,0,0,0,0,0,0,0,0,0,0,0,0,0,0,0,0
Sh3gl1,396,1,-1,0,-1,0,0,0,0,0,0,0,0,0,0,0,0,0,1,0,0,0,0,0,1,0,0,0,0,0,0
Slc7a2,657,1,0,0,0,1,0,0,0,0,0,0,1,0,0,0,1,1,1,0,0,0,0,-1,0,0,-1,-1,0,1,0
Slc4a7,1118,1,-1,0,1,-1,0,0,0,0,0,-1,0,0,0,0,0,1,0,-1,-1,-1,0,0,0,-1,1,0,0,0,1
Slc2a6,497,1,0,-1,0,0,0,1,0,-1,0,0,-1,0,-1,0,0,0,-1,0,0,0,0,0,0,-1,1,-1,1,0,0
Slco3a1,710,1,0,0,1,1,0,0,0,0,0,0,0,0,1,0,0,-1,0,0,0,-1,-1,0,0,1,0,1,1,1,1
Stard3,235,1,0,0,0,0,-1,0,0,-1,0,0,0,0,0,0,0,0,0,0,0,0,0,1,-1,0,0,0,0,0,0
Slc9a3r1,758,1,0,0,0,-1,0,0,-1,0,0,0,0,0,0,0,0,0,0,0,0,0,0,-1,0,-1,0,0,1,1,-1
Stau1,2549,1,0,0,0,0,0,0,0,0,0,0,0,0,0,0,0,0,0,0,0,0,0,0,0,0,0,0,0,0,1
Stxbp3,592,1,0,0,0,0,0,-1,1,0,0,1,0,0,0,0,1,1,0,1,0,0,0,0,-1,-1,0,1,1,-1,0
Snx18,614,1,0,0,1,0,1,0,0,0,-1,0,1,0,-1,0,0,0,-1,0,0,0,1,-1,0,-1,0,0,0,0,0
Stx7,232,1,0,0,0,0,0,0,0,-1,0,0,-1,1,0,0,-1,0,0,1,0,0,0,-1,-1,0,0,0,0,0,-1
Stx11,287,1,1,-1,1,0,0,-1,0,0,-1,0,0,1,0,0,-1,0,0,0,0,-1,0,-1,0,-1,0,-1,0,0,1
Synj1,486,1,0,0,0,0,-1,-1,0,0,0,0,-1,0,0,0,-1,0,0,0,-1,0,0,0,0,1,1,0,0,1,1
Tap2,762,1,1,0,0,1,0,0,0,0,0,0,0,0,0,0,0,-1,0,0,0,0,0,0,0,0,0,0,0,0,0
Tbc1d13,200,1,0,1,1,0,0,-1,0,0,0,1,0,0,0,0,0,-1,0,0,0,0,1,0,0,0,0,0,1,0,0
Tap1,762,1,1,0,0,1,0,0,0,0,0,0,0,0,0,0,0,-1,0,0,0,0,0,0,0,0,0,0,0,0,0
Tnfaip2,691,1,0,1,0,0,0,0,0,0,0,0,0,0,0,0,0,0,0,0,0,0,0,0,0,0,0,0,0,1,0
Whamm,793,1,-1,0,-1,0,0,-1,0,0,-1,0,0,0,0,0,1,-1,-1,0,0,0,-1,0,-1,1,0,0,0,1,0
Zc3h11a,792,1,0,0,0,0,-1,-1,0,0,0,0,0,0,0,0,0,0,1,0,-1,0,0,0,0,1,0,0,-1,0,0
Vamp3,245,1,0,0,0,0,0,0,0,0,0,0,0,0,0,-1,0,0,0,0,0,0,0,0,0,0,0,0,0,0,1
Vamp2,206,1,0,-1,-1,0,-1,0,1,0,-1,0,-1,-1,0,0,1,1,0,-1,0,0,0,-1,-1,0,0,-1,0,0,1
Vamp8,210,1,-1,0,0,0,0,-1,-1,0,0,0,1,0,0,0,0,0,-1,-1,0,0,-1,0,0,1,1,0,0,0,0
Zfand2b,257,1,-1,0,0,-1,0,0,0,0,0,0,-1,0,0,0,0,1,0,-1,0,0,0,0,1,0,-1,0,0,0,0
